name,wanted,not wanted
hypertension,"fiber, potassium, magnesium, calcium, complex carbohydrates, lean protein, healthy fats, vitamins C, vitamins D, whole grains, oats, quinoa, brown rice, leafy green vegetables, spinach, kale, cruciferous vegetables, broccoli, cauliflower, berries, strawberries, blueberries, bananas, citrus fruits, oranges, lemons, avocados, nuts, almonds, walnuts, seeds, chia seeds, flaxseeds, legumes, lentils, chickpeas, beans, low-fat dairy, Greek yogurt, skim milk, fish, salmon, mackerel, sardines, poultry, skinless chicken, herbs, garlic, onions, natural sweetness, mildly sweet, savory, spicy, cinnamon, turmeric","simple sugars, saturated fats, trans fats, refined carbohydrates, high sodium, salt, table salt, processed foods, chips, frozen dinners, cured meats, bacon, sausages, high-sodium snacks, pickles, salty condiments, soy sauce, ketchup, sugary beverages, sodas, energy drinks, fried foods, fries, fried chicken, high-fat meats, fatty cuts of pork, cream, butter, baked goods, pastries, cakes, candy, chocolates, alcohol, overly sweet, salty, oily, greasy, instant noodles, processed cheese, artificial sweeteners, full-fat dairy"
colon_cancer,"fiber, antioxidants, complex carbohydrates, lean protein, healthy fats, omega-3 fatty acids, vitamins A, vitamins C, vitamins D, vitamins E, folate, magnesium, calcium, selenium, whole grains, oats, quinoa, brown rice, leafy green vegetables, spinach, kale, collard greens, cruciferous vegetables, broccoli, cauliflower, Brussels sprouts, berries, strawberries, blueberries, raspberries, blackberries, citrus fruits, oranges, lemons, apples, pears, bananas, nuts, almonds, walnuts, pecans, seeds, chia seeds, flaxseeds, legumes, lentils, chickpeas, beans, low-fat dairy, Greek yogurt, skim milk, fish, salmon, mackerel, sardines, poultry, skinless chicken, herbs, garlic, onions, turmeric, cinnamon, green tea, natural sweetness, mildly sweet, savory, spicy","simple sugars, saturated fats, trans fats, refined carbohydrates, red meat, processed meats, bacon, sausages, hot dogs, high sodium, salt, table salt, processed foods, chips, frozen dinners, refined grains, white bread, white rice, sugary beverages, sodas, energy drinks, fried foods, fries, fried chicken, butter, cream, full-fat dairy, baked goods, pastries, cakes, candy, chocolates, alcohol, overly sweet, salty, oily, greasy, artificial sweeteners, smoked foods, pickled foods, grilled meats at high temperatures"
rectal_cancer,"fiber, antioxidants, complex carbohydrates, lean protein, healthy fats, omega-3 fatty acids, vitamins A, vitamins C, vitamins D, vitamins E, folate, magnesium, calcium, selenium, whole grains, oats, quinoa, brown rice, leafy green vegetables, spinach, kale, collard greens, cruciferous vegetables, broccoli, cauliflower, Brussels sprouts, berries, strawberries, blueberries, raspberries, blackberries, citrus fruits, oranges, lemons, apples, pears, bananas, nuts, almonds, walnuts, pecans, seeds, chia seeds, flaxseeds, legumes, lentils, chickpeas, beans, low-fat dairy, Greek yogurt, skim milk, fish, salmon, mackerel, sardines, poultry, skinless chicken, herbs, garlic, onions, turmeric, cinnamon, green tea, natural sweetness, mildly sweet, savory, spicy","simple sugars, saturated fats, trans fats, refined carbohydrates, red meat, processed meats, bacon, sausages, hot dogs, high sodium, salt, table salt, processed foods, chips, frozen dinners, refined grains, white bread, white rice, sugary beverages, sodas, energy drinks, fried foods, fries, fried chicken, butter, cream, full-fat dairy, baked goods, pastries, cakes, candy, chocolates, alcohol, overly sweet, salty, oily, greasy, artificial sweeteners, smoked foods, pickled foods, grilled meats at high temperatures"
esophageal_cancer,"fiber, antioxidants, complex carbohydrates, lean protein, healthy fats, omega-3 fatty acids, vitamins A, vitamins C, vitamins D, vitamins E, folate, magnesium, calcium, selenium, whole grains, oats, quinoa, brown rice, leafy green vegetables, spinach, kale, collard greens, cruciferous vegetables, broccoli, cauliflower, Brussels sprouts, zucchini, pumpkin, berries, strawberries, blueberries, raspberries, blackberries, citrus fruits, oranges, lemons, grapefruits, melons, apples, pears, bananas, papaya, nuts, almonds, walnuts, pecans, seeds, chia seeds, flaxseeds, legumes, lentils, chickpeas, beans, low-fat dairy, Greek yogurt, skim milk, fish, salmon, mackerel, sardines, poultry, skinless chicken, herbs, garlic, onions, turmeric, cinnamon, green tea, ginger, soothing broths, natural sweetness, mildly sweet, savory, spicy (moderate)","simple sugars, saturated fats, trans fats, refined carbohydrates, red meat, processed meats, bacon, sausages, hot dogs, high sodium, salt, table salt, processed foods, chips, frozen dinners, refined grains, white bread, white rice, sugary beverages, sodas, energy drinks, fried foods, fries, fried chicken, butter, cream, full-fat dairy, baked goods, pastries, cakes, candy, chocolates, alcohol, overly sweet, salty, oily, greasy, artificial sweeteners, smoked foods, pickled foods, spicy (excessive), acidic foods (excessive), carbonated beverages, hard or coarse foods (dry crackers, raw nuts)"
stomach_cancer,"fiber, antioxidants, complex carbohydrates, lean protein, healthy fats, omega-3 fatty acids, vitamins A, vitamins C, vitamins D, vitamins E, folate, magnesium, calcium, selenium, whole grains, oats, quinoa, brown rice, leafy green vegetables, spinach, kale, collard greens, cruciferous vegetables, broccoli, cauliflower, Brussels sprouts, berries, strawberries, blueberries, raspberries, blackberries, citrus fruits, oranges, lemons, apples, pears, papaya, pineapple, bananas, nuts, almonds, walnuts, pecans, seeds, chia seeds, flaxseeds, legumes, lentils, chickpeas, beans, low-fat dairy, Greek yogurt, skim milk, fish, salmon, mackerel, sardines, poultry, skinless chicken, herbs, garlic, onions, turmeric, ginger, cinnamon, soothing broths, green tea, soft and moist foods, natural sweetness, mildly sweet, savory, mild flavors","simple sugars, saturated fats, trans fats, refined carbohydrates, red meat, processed meats, bacon, sausages, hot dogs, high sodium, salt, table salt, processed foods, chips, frozen dinners, refined grains, white bread, white rice, sugary beverages, sodas, energy drinks, fried foods, fries, fried chicken, butter, cream, full-fat dairy, baked goods, pastries, cakes, candy, chocolates, alcohol, overly sweet, salty, oily, greasy, artificial sweeteners, smoked foods, pickled foods, spicy foods (excessive), acidic foods (excessive), carbonated beverages, hard or coarse foods"
lung_cancer,"fiber, antioxidants, complex carbohydrates, lean protein, healthy fats, omega-3 fatty acids, vitamins A, vitamins C, vitamins D, vitamins E, vitamin K, beta-carotene, folate, magnesium, selenium, zinc, calcium, whole grains, oats, quinoa, brown rice, leafy green vegetables, spinach, kale, collard greens, cruciferous vegetables, broccoli, cauliflower, Brussels sprouts, sweet potatoes, pumpkin, carrots, peppers, tomatoes, berries, strawberries, blueberries, raspberries, blackberries, citrus fruits, oranges, lemons, grapefruits, apples, pears, bananas, papaya, pineapple, nuts, almonds, walnuts, pecans, seeds, chia seeds, flaxseeds, sunflower seeds, legumes, lentils, chickpeas, beans, low-fat dairy, Greek yogurt, skim milk, fish, salmon, mackerel, sardines, poultry, skinless chicken, herbs, garlic, onions, turmeric, ginger, green tea, peppermint tea, natural sweetness, mildly sweet, savory, spicy (mild), soft and moist foods","simple sugars, saturated fats, trans fats, refined carbohydrates, red meat, processed meats, bacon, sausages, hot dogs, high sodium, salt, table salt, processed foods, chips, frozen dinners, refined grains, white bread, white rice, sugary beverages, sodas, energy drinks, fried foods, fries, fried chicken, butter, cream, full-fat dairy, baked goods, pastries, cakes, candy, chocolates, alcohol, overly sweet, salty, oily, greasy, artificial sweeteners, smoked foods, pickled foods, grilled meats at high temperatures, acidic foods (excessive), carbonated beverages, hard or coarse foods"
skin_cancer,"fiber, antioxidants, complex carbohydrates, lean protein, healthy fats, omega-3 fatty acids, vitamins A, vitamins C, vitamins D, vitamins E, vitamin K, beta-carotene, selenium, zinc, magnesium, calcium, polyphenols, flavonoids, whole grains, oats, quinoa, brown rice, leafy green vegetables, spinach, kale, collard greens, arugula, cruciferous vegetables, broccoli, cauliflower, Brussels sprouts, sweet potatoes, carrots, pumpkin, peppers, tomatoes, cucumbers, zucchini, berries, strawberries, blueberries, raspberries, blackberries, citrus fruits, oranges, lemons, grapefruits, kiwi, papaya, pineapple, apples, pears, nuts, almonds, walnuts, pecans, seeds, chia seeds, flaxseeds, sunflower seeds, legumes, lentils, chickpeas, beans, low-fat dairy, Greek yogurt, skim milk, fish, salmon, mackerel, sardines, trout, poultry, skinless chicken, herbs, garlic, onions, turmeric, ginger, parsley, basil, green tea, peppermint tea, natural sweetness, mildly sweet, savory, spicy (mild)","simple sugars, saturated fats, trans fats, refined carbohydrates, red meat, processed meats, bacon, sausages, hot dogs, high sodium, salt, table salt, processed foods, chips, frozen dinners, refined grains, white bread, white rice, sugary beverages, sodas, energy drinks, fried foods, fries, fried chicken, butter, cream, full-fat dairy, baked goods, pastries, cakes, candy, chocolates, alcohol, overly sweet, salty, oily, greasy, artificial sweeteners, smoked foods, pickled foods, grilled meats at high temperatures, charred foods, caffeine (excessive)"
brain_cancer,"fiber, antioxidants, complex carbohydrates, lean protein, healthy fats, omega-3 fatty acids, vitamins C, vitamins D, vitamins E, vitamins K, B vitamins, folate, magnesium, selenium, zinc, iron (non-heme), polyphenols, flavonoids, whole grains, oats, quinoa, brown rice, leafy green vegetables, spinach, kale, arugula, collard greens, cruciferous vegetables, broccoli, cauliflower, Brussels sprouts, sweet potatoes, carrots, pumpkin, beets, tomatoes, zucchini, bell peppers, mushrooms, berries, strawberries, blueberries, raspberries, blackberries, citrus fruits, oranges, lemons, kiwi, papaya, pomegranate, apples, pears, nuts, walnuts, almonds, pecans, hazelnuts, seeds, chia seeds, flaxseeds, sunflower seeds, legumes, lentils, chickpeas, black beans, low-fat dairy, Greek yogurt, skim milk, fish, salmon, mackerel, sardines, trout, poultry, skinless chicken, herbs, turmeric, cinnamon, ginger, garlic, onions, green tea, peppermint tea, dark chocolate (85% cocoa or higher), natural sweetness, mildly sweet, savory, spicy (mild)","simple sugars, saturated fats, trans fats, refined carbohydrates, red meat, processed meats, bacon, sausages, hot dogs, high sodium, salt, table salt, processed foods, chips, frozen dinners, refined grains, white bread, white rice, sugary beverages, sodas, energy drinks, fried foods, fries, fried chicken, butter, cream, full-fat dairy, baked goods, pastries, cakes, candy, chocolates (with added sugar), alcohol, overly sweet, salty, oily, greasy, artificial sweeteners, smoked foods, pickled foods, grilled meats at high temperatures, charred foods, caffeine (excessive)"
thyroid_cancer,"fiber, complex carbohydrates, lean protein, healthy fats, iodine, selenium, vitamins A, vitamins C, vitamins D, vitamins E, B vitamins, iron (non-heme), magnesium, zinc, omega-3 fatty acids, antioxidants, whole grains, oats, quinoa, brown rice, leafy green vegetables, spinach, kale (in moderation), collard greens, arugula, cruciferous vegetables (in moderation), broccoli, cauliflower, Brussels sprouts, sweet potatoes, carrots, pumpkin, zucchini, bell peppers, tomatoes, seaweed (iodine-rich, in moderation), mushrooms, berries, strawberries, blueberries, raspberries, blackberries, citrus fruits, oranges, lemons, grapefruit (if not on medication), apples, pears, nuts, walnuts, almonds, pecans, seeds, chia seeds, flaxseeds, sunflower seeds, legumes, lentils, chickpeas, black beans, low-fat dairy, Greek yogurt, skim milk, fish, salmon, mackerel, sardines, trout, poultry, skinless chicken, herbs, turmeric, cinnamon, garlic, ginger, onions, green tea, peppermint tea, natural sweetness, mildly sweet, savory, spicy (mild)","simple sugars, saturated fats, trans fats, refined carbohydrates, high sodium, salt, table salt, processed foods, chips, frozen dinners, refined grains, white bread, white rice, sugary beverages, sodas, energy drinks, fried foods, fries, fried chicken, butter, cream, full-fat dairy, baked goods, pastries, cakes, candy, chocolates (with added sugar), alcohol, overly sweet, artificial sweeteners, salty, oily, greasy, smoked foods, pickled foods, grilled meats at high temperatures, charred foods, excess iodine-rich foods (if contraindicated), soy products (in moderation if on thyroid medication)"
oral_cancer,"fiber, complex carbohydrates, lean protein, healthy fats, vitamins A, vitamins C, vitamins D, vitamins E, magnesium, zinc, selenium, omega-3 fatty acids, whole grains, oats, quinoa, brown rice, leafy green vegetables, spinach, kale, collard greens, cruciferous vegetables, broccoli, cauliflower, Brussels sprouts, sweet potatoes, carrots, pumpkin, bell peppers, tomatoes, berries, strawberries, blueberries, blackberries, raspberries, apples, pears, citrus fruits, oranges, lemons, grapefruit, nuts, almonds, walnuts, pecans, seeds, chia seeds, flaxseeds, legumes, lentils, chickpeas, low-fat dairy, Greek yogurt, skim milk, fish, salmon, mackerel, sardines, trout, poultry, skinless chicken, herbs, turmeric, garlic, onions, ginger, green tea, peppermint tea, cinnamon, natural sweetness, mildly sweet, savory, spicy (mild)","simple sugars, saturated fats, trans fats, refined carbohydrates, high sodium, sugar, white sugar, brown sugar, syrups, refined grains, white bread, white rice, processed foods, chips, frozen dinners, sugary beverages, sodas, fruit juices, fried foods, fried chicken, fries, high-fat meats, bacon, sausages, full-fat dairy, cream, butter, baked goods, pastries, cakes, candy, chocolates, alcohol, overly sweet, artificial sweeteners, salty, oily, greasy, smoked foods, pickled foods, grilled meats at high temperatures, charred foods, excess alcohol, high-fat dairy products"
laryngeal_cancer,"fiber, complex carbohydrates, lean protein, healthy fats, vitamins A, vitamins C, vitamins D, vitamins E, magnesium, zinc, selenium, omega-3 fatty acids, whole grains, oats, quinoa, brown rice, leafy green vegetables, spinach, kale, collard greens, cruciferous vegetables, broccoli, cauliflower, Brussels sprouts, carrots, sweet potatoes, pumpkin, bell peppers, tomatoes, berries, strawberries, blueberries, blackberries, raspberries, apples, pears, citrus fruits, oranges, lemons, grapefruit, nuts, almonds, walnuts, pecans, seeds, chia seeds, flaxseeds, legumes, lentils, chickpeas, low-fat dairy, Greek yogurt, skim milk, fish, salmon, mackerel, sardines, trout, poultry, skinless chicken, herbs, turmeric, garlic, onions, ginger, green tea, peppermint tea, cinnamon, natural sweetness, mildly sweet, savory, spicy (mild)","simple sugars, saturated fats, trans fats, refined carbohydrates, high sodium, sugar, white sugar, brown sugar, syrups, refined grains, white bread, white rice, processed foods, chips, frozen dinners, sugary beverages, sodas, fruit juices, fried foods, fried chicken, fries, high-fat meats, bacon, sausages, full-fat dairy, cream, butter, baked goods, pastries, cakes, candy, chocolates, alcohol, overly sweet, artificial sweeteners, salty, oily, greasy, smoked foods, pickled foods, grilled meats at high temperatures, charred foods, excess alcohol, high-fat dairy products"
sarcoma,"fiber, complex carbohydrates, lean protein, healthy fats, vitamins A, vitamins C, vitamins D, vitamins E, magnesium, zinc, selenium, omega-3 fatty acids, whole grains, oats, quinoa, brown rice, leafy green vegetables, spinach, kale, cruciferous vegetables, broccoli, cauliflower, Brussels sprouts, carrots, sweet potatoes, pumpkin, bell peppers, tomatoes, berries, strawberries, blueberries, blackberries, raspberries, apples, pears, citrus fruits, oranges, lemons, grapefruit, nuts, almonds, walnuts, pecans, seeds, chia seeds, flaxseeds, legumes, lentils, chickpeas, low-fat dairy, Greek yogurt, skim milk, fish, salmon, mackerel, sardines, trout, poultry, skinless chicken, herbs, turmeric, garlic, onions, ginger, green tea, peppermint tea, cinnamon, natural sweetness, mildly sweet, savory, spicy (mild)","simple sugars, saturated fats, trans fats, refined carbohydrates, high sodium, sugar, white sugar, brown sugar, syrups, refined grains, white bread, white rice, processed foods, chips, frozen dinners, sugary beverages, sodas, fruit juices, fried foods, fried chicken, fries, high-fat meats, bacon, sausages, full-fat dairy, cream, butter, baked goods, pastries, cakes, candy, chocolates, alcohol, overly sweet, artificial sweeteners, salty, oily, greasy, smoked foods, pickled foods, grilled meats at high temperatures, charred foods, excess alcohol, high-fat dairy products"
retinoblastoma,"fiber, complex carbohydrates, lean protein, healthy fats, vitamins A, vitamins C, vitamins D, vitamins E, magnesium, zinc, selenium, omega-3 fatty acids, whole grains, oats, quinoa, brown rice, leafy green vegetables, spinach, kale, cruciferous vegetables, broccoli, cauliflower, Brussels sprouts, carrots, sweet potatoes, pumpkin, bell peppers, tomatoes, berries, strawberries, blueberries, blackberries, raspberries, apples, pears, citrus fruits, oranges, lemons, grapefruit, nuts, almonds, walnuts, pecans, seeds, chia seeds, flaxseeds, legumes, lentils, chickpeas, low-fat dairy, Greek yogurt, skim milk, fish, salmon, mackerel, sardines, trout, poultry, skinless chicken, herbs, turmeric, garlic, onions, ginger, green tea, peppermint tea, cinnamon, natural sweetness, mildly sweet, savory, spicy (mild)","simple sugars, saturated fats, trans fats, refined carbohydrates, high sodium, sugar, white sugar, brown sugar, syrups, refined grains, white bread, white rice, processed foods, chips, frozen dinners, sugary beverages, sodas, fruit juices, fried foods, fried chicken, fries, high-fat meats, bacon, sausages, full-fat dairy, cream, butter, baked goods, pastries, cakes, candy, chocolates, alcohol, overly sweet, artificial sweeteners, salty, oily, greasy, smoked foods, pickled foods, grilled meats at high temperatures, charred foods, excess alcohol, high-fat dairy products"
neuroblastoma,"fiber, complex carbohydrates, lean protein, healthy fats, vitamins A, vitamins C, vitamins D, vitamins E, magnesium, zinc, selenium, omega-3 fatty acids, whole grains, oats, quinoa, brown rice, leafy green vegetables, spinach, kale, cruciferous vegetables, broccoli, cauliflower, Brussels sprouts, carrots, sweet potatoes, pumpkin, bell peppers, tomatoes, berries, strawberries, blueberries, blackberries, raspberries, apples, pears, citrus fruits, oranges, lemons, grapefruit, nuts, almonds, walnuts, pecans, seeds, chia seeds, flaxseeds, legumes, lentils, chickpeas, low-fat dairy, Greek yogurt, skim milk, fish, salmon, mackerel, sardines, trout, poultry, skinless chicken, herbs, turmeric, garlic, onions, ginger, green tea, peppermint tea, cinnamon, natural sweetness, mildly sweet, savory, spicy (mild)","simple sugars, saturated fats, trans fats, refined carbohydrates, high sodium, sugar, white sugar, brown sugar, syrups, refined grains, white bread, white rice, processed foods, chips, frozen dinners, sugary beverages, sodas, fruit juices, fried foods, fried chicken, fries, high-fat meats, bacon, sausages, full-fat dairy, cream, butter, baked goods, pastries, cakes, candy, chocolates, alcohol, overly sweet, artificial sweeteners, salty, oily, greasy, smoked foods, pickled foods, grilled meats at high temperatures, charred foods, excess alcohol, high-fat dairy products"
wilms_tumor,"fiber, complex carbohydrates, lean protein, healthy fats, vitamins A, vitamins C, vitamins D, vitamins E, magnesium, zinc, selenium, omega-3 fatty acids, whole grains, oats, quinoa, brown rice, leafy green vegetables, spinach, kale, cruciferous vegetables, broccoli, cauliflower, Brussels sprouts, carrots, sweet potatoes, pumpkin, bell peppers, tomatoes, berries, strawberries, blueberries, blackberries, raspberries, apples, pears, citrus fruits, oranges, lemons, grapefruit, nuts, almonds, walnuts, pecans, seeds, chia seeds, flaxseeds, legumes, lentils, chickpeas, low-fat dairy, Greek yogurt, skim milk, fish, salmon, mackerel, sardines, trout, poultry, skinless chicken, herbs, turmeric, garlic, onions, ginger, green tea, peppermint tea, cinnamon, natural sweetness, mildly sweet, savory, spicy (mild)","simple sugars, saturated fats, trans fats, refined carbohydrates, high sodium, sugar, white sugar, brown sugar, syrups, refined grains, white bread, white rice, processed foods, chips, frozen dinners, sugary beverages, sodas, fruit juices, fried foods, fried chicken, fries, high-fat meats, bacon, sausages, full-fat dairy, cream, butter, baked goods, pastries, cakes, candy, chocolates, alcohol, overly sweet, artificial sweeteners, salty, oily, greasy, smoked foods, pickled foods, grilled meats at high temperatures, charred foods, excess alcohol, high-fat dairy products"
hodgkins_lymphoma,"fiber, complex carbohydrates, lean protein, healthy fats, vitamins A, vitamins C, vitamins D, vitamins E, magnesium, zinc, selenium, omega-3 fatty acids, whole grains, oats, quinoa, brown rice, leafy green vegetables, spinach, kale, cruciferous vegetables, broccoli, cauliflower, Brussels sprouts, carrots, sweet potatoes, pumpkin, bell peppers, tomatoes, berries, strawberries, blueberries, blackberries, raspberries, apples, pears, citrus fruits, oranges, lemons, grapefruit, nuts, almonds, walnuts, pecans, seeds, chia seeds, flaxseeds, legumes, lentils, chickpeas, low-fat dairy, Greek yogurt, skim milk, fish, salmon, mackerel, sardines, trout, poultry, skinless chicken, herbs, turmeric, garlic, onions, ginger, green tea, peppermint tea, cinnamon, natural sweetness, mildly sweet, savory, spicy (mild)","simple sugars, saturated fats, trans fats, refined carbohydrates, high sodium, sugar, white sugar, brown sugar, syrups, refined grains, white bread, white rice, processed foods, chips, frozen dinners, sugary beverages, sodas, fruit juices, fried foods, fried chicken, fries, high-fat meats, bacon, sausages, full-fat dairy, cream, butter, baked goods, pastries, cakes, candy, chocolates, alcohol, overly sweet, artificial sweeteners, salty, oily, greasy, smoked foods, pickled foods, grilled meats at high temperatures, charred foods, excess alcohol, high-fat dairy products"
non_hodgkins_lymphoma,"fiber, complex carbohydrates, lean protein, healthy fats, vitamins A, vitamins C, vitamins D, vitamins E, magnesium, zinc, selenium, omega-3 fatty acids, whole grains, oats, quinoa, brown rice, leafy green vegetables, spinach, kale, cruciferous vegetables, broccoli, cauliflower, Brussels sprouts, carrots, sweet potatoes, pumpkin, bell peppers, tomatoes, berries, strawberries, blueberries, blackberries, raspberries, apples, pears, citrus fruits, oranges, lemons, grapefruit, nuts, almonds, walnuts, pecans, seeds, chia seeds, flaxseeds, legumes, lentils, chickpeas, low-fat dairy, Greek yogurt, skim milk, fish, salmon, mackerel, sardines, trout, poultry, skinless chicken, herbs, turmeric, garlic, onions, ginger, green tea, peppermint tea, cinnamon, natural sweetness, mildly sweet, savory, spicy (mild)","simple sugars, saturated fats, trans fats, refined carbohydrates, high sodium, sugar, white sugar, brown sugar, syrups, refined grains, white bread, white rice, processed foods, chips, frozen dinners, sugary beverages, sodas, fruit juices, fried foods, fried chicken, fries, high-fat meats, bacon, sausages, full-fat dairy, cream, butter, baked goods, pastries, cakes, candy, chocolates, alcohol, overly sweet, artificial sweeteners, salty, oily, greasy, smoked foods, pickled foods, grilled meats at high temperatures, charred foods, excess alcohol, high-fat dairy products"
aneurysm,"fiber, antioxidants, omega-3 fatty acids, lean protein, healthy fats, vitamins C, vitamins E, vitamins K, vitamins B6, folate, magnesium, potassium, calcium, polyphenols, flavonoids, whole grains, oats, quinoa, brown rice, leafy green vegetables, spinach, kale, arugula, cruciferous vegetables, broccoli, cauliflower, berries, blueberries, raspberries, nuts, almonds, walnuts, seeds, chia seeds, flaxseeds, legumes, lentils, black beans, low-fat dairy, Greek yogurt, skim milk, fish, salmon, sardines, mackerel, poultry, skinless chicken, herbs, garlic, ginger, natural sweetness, mildly sweet, savory, spicy, turmeric, cinnamon, dark chocolate (in moderation)","saturated fats, trans fats, simple sugars, refined carbohydrates, high sodium, sugar, white sugar, brown sugar, syrups, refined grains, white bread, white rice, processed foods, chips, frozen dinners, sugary beverages, sodas, fruit juices, fried foods, fried chicken, fries, high-fat meats, bacon, sausages, full-fat dairy, cream, butter, baked goods, pastries, cakes, candy, alcohol, red meat, overly sweet, artificial sweeteners, salty, oily, greasy, smoked meats, cured meats, fast food, energy drinks"
dvt,"fiber, omega-3 fatty acids, lean protein, healthy fats, vitamins C, vitamins E, vitamins K, folate, magnesium, potassium, calcium, polyphenols, flavonoids, whole grains, oats, quinoa, brown rice, leafy green vegetables, spinach, kale, arugula, cruciferous vegetables, broccoli, cauliflower, berries, blueberries, raspberries, pomegranate, nuts, almonds, walnuts, seeds, chia seeds, flaxseeds, legumes, lentils, black beans, low-fat dairy, Greek yogurt, skim milk, fish, salmon, mackerel, sardines, poultry, skinless chicken, garlic, ginger, turmeric, natural sweetness, mildly sweet, savory, spicy, cinnamon, dark chocolate (in moderation)","saturated fats, trans fats, simple sugars, refined carbohydrates, high sodium, sugar, white sugar, brown sugar, syrups, refined grains, white bread, white rice, processed foods, chips, frozen dinners, sugary beverages, sodas, fruit juices, fried foods, fried chicken, fries, high-fat meats, bacon, sausages, full-fat dairy, cream, butter, baked goods, pastries, cakes, candy, alcohol, overly sweet, artificial sweeteners, salty, oily, greasy, smoked meats, cured meats, fast food, energy drinks"
pulmonary_embolism,"fiber, omega-3 fatty acids, lean protein, healthy fats, vitamins C, vitamins E, vitamins K, folate, magnesium, potassium, calcium, polyphenols, flavonoids, whole grains, oats, quinoa, brown rice, leafy green vegetables, spinach, kale, arugula, cruciferous vegetables, broccoli, cauliflower, berries, blueberries, raspberries, pomegranate, citrus fruits, nuts, almonds, walnuts, seeds, chia seeds, flaxseeds, legumes, lentils, black beans, low-fat dairy, Greek yogurt, skim milk, fish, salmon, mackerel, sardines, poultry, skinless chicken, garlic, ginger, turmeric, natural sweetness, mildly sweet, savory, spicy, cinnamon, dark chocolate (in moderation)","saturated fats, trans fats, simple sugars, refined carbohydrates, high sodium, sugar, white sugar, brown sugar, syrups, refined grains, white bread, white rice, processed foods, chips, frozen dinners, sugary beverages, sodas, fruit juices, fried foods, fried chicken, fries, high-fat meats, bacon, sausages, full-fat dairy, cream, butter, baked goods, pastries, cakes, candy, alcohol, overly sweet, artificial sweeteners, salty, oily, greasy, smoked meats, cured meats, fast food, energy drinks"
hemorrhoids,"fiber, complex carbohydrates, lean protein, healthy fats, vitamins C, vitamins E, vitamins K, magnesium, zinc, potassium, whole grains, oats, quinoa, brown rice, leafy green vegetables, spinach, kale, lettuce, cruciferous vegetables, broccoli, cauliflower, carrots, sweet potatoes, berries, strawberries, blueberries, bananas, apples, pears, citrus fruits, prunes, nuts, almonds, walnuts, seeds, chia seeds, flaxseeds, legumes, lentils, black beans, chickpeas, low-fat dairy, Greek yogurt, skim milk, fish, salmon, mackerel, poultry, skinless chicken, hydrating foods, cucumbers, watermelon, natural sweetness, mildly sweet, savory, spicy, cinnamon, turmeric, ginger, garlic","simple sugars, saturated fats, trans fats, refined carbohydrates, high sodium, sugar, white sugar, brown sugar, syrups, refined grains, white bread, white rice, processed foods, chips, frozen dinners, sugary beverages, sodas, fruit juices (with added sugar), fried foods, fried chicken, fries, high-fat meats, bacon, sausages, full-fat dairy, cream, butter, baked goods, pastries, cakes, candy, alcohol, overly sweet, artificial sweeteners, salty, oily, greasy, spicy (in excess), smoked meats, cured meats, fast food, energy drinks, low-fiber foods, ice cream, cheese (in excess)"
varicose_veins,"fiber, complex carbohydrates, lean protein, healthy fats, vitamins C, vitamins E, vitamins K, vitamins A, magnesium, zinc, potassium, flavonoids, polyphenols, whole grains, oats, quinoa, brown rice, leafy green vegetables, spinach, kale, lettuce, cruciferous vegetables, broccoli, cauliflower, asparagus, beets, berries, blueberries, raspberries, strawberries, citrus fruits, oranges, grapefruit, lemons, grapes, pomegranates, apples, nuts, almonds, walnuts, seeds, chia seeds, flaxseeds, legumes, lentils, black beans, chickpeas, low-fat dairy, Greek yogurt, skim milk, fish, salmon, mackerel, sardines, poultry, skinless chicken, hydrating foods, cucumbers, watermelon, natural sweetness, mildly sweet, savory, spicy, turmeric, cinnamon, garlic, ginger, dark chocolate (in moderation)","simple sugars, saturated fats, trans fats, refined carbohydrates, high sodium, sugar, white sugar, brown sugar, syrups, refined grains, white bread, white rice, processed foods, chips, frozen dinners, sugary beverages, sodas, fruit juices (with added sugar), fried foods, fried chicken, fries, high-fat meats, bacon, sausages, full-fat dairy, cream, butter, baked goods, pastries, cakes, candy, alcohol, overly sweet, artificial sweeteners, salty, oily, greasy, smoked meats, cured meats, fast food, energy drinks, low-fiber foods, ice cream, cheese (in excess)"
carpal_tunnel,"fiber, complex carbohydrates, lean protein, healthy fats, vitamins B6, vitamins B12, vitamins C, vitamins D, vitamins E, magnesium, zinc, potassium, omega-3 fatty acids, antioxidants, whole grains, oats, quinoa, brown rice, leafy green vegetables, spinach, kale, lettuce, cruciferous vegetables, broccoli, cauliflower, sweet potatoes, carrots, berries, blueberries, strawberries, cherries, oranges, bananas, pineapple, nuts, almonds, walnuts, seeds, chia seeds, flaxseeds, sunflower seeds, legumes, lentils, black beans, chickpeas, low-fat dairy, Greek yogurt, skim milk, fish, salmon, mackerel, sardines, poultry, skinless chicken, turmeric, ginger, garlic, natural sweetness, mildly sweet, savory, spicy, cinnamon, dark chocolate (in moderation)","simple sugars, saturated fats, trans fats, refined carbohydrates, high sodium, sugar, white sugar, brown sugar, syrups, refined grains, white bread, white rice, processed foods, chips, frozen dinners, sugary beverages, sodas, fruit juices (with added sugar), fried foods, fried chicken, fries, high-fat meats, bacon, sausages, full-fat dairy, cream, butter, baked goods, pastries, cakes, candy, alcohol, overly sweet, artificial sweeteners, salty, oily, greasy, smoked meats, cured meats, fast food, energy drinks, low-fiber foods, ice cream, cheese (in excess)"
tendonitis,"fiber, complex carbohydrates, lean protein, healthy fats, vitamins C, vitamins D, vitamins E, vitamins A, vitamins K, magnesium, zinc, calcium, omega-3 fatty acids, collagen, whole grains, oats, quinoa, brown rice, leafy green vegetables, spinach, kale, Swiss chard, cruciferous vegetables, broccoli, cauliflower, Brussels sprouts, sweet potatoes, carrots, berries, blueberries, strawberries, raspberries, pineapple, oranges, citrus fruits, kiwi, nuts, almonds, walnuts, seeds, chia seeds, flaxseeds, pumpkin seeds, legumes, lentils, black beans, chickpeas, low-fat dairy, Greek yogurt, skim milk, fish, salmon, mackerel, sardines, poultry, skinless chicken, bone broth, turmeric, ginger, garlic, natural sweetness, mildly sweet, savory, spicy, cinnamon, green tea, dark chocolate (in moderation)","simple sugars, saturated fats, trans fats, refined carbohydrates, high sodium, sugar, white sugar, brown sugar, syrups, refined grains, white bread, white rice, processed foods, chips, frozen dinners, sugary beverages, sodas, fruit juices (with added sugar), fried foods, fried chicken, fries, high-fat meats, bacon, sausages, full-fat dairy, cream, butter, baked goods, pastries, cakes, candy, alcohol, overly sweet, artificial sweeteners, salty, oily, greasy, smoked meats, cured meats, fast food, energy drinks, low-fiber foods, ice cream, excess cheese"
bursitis,"fiber, complex carbohydrates, lean protein, healthy fats, vitamins C, vitamins D, vitamins E, vitamins A, vitamins K, magnesium, calcium, zinc, omega-3 fatty acids, collagen, whole grains, oats, quinoa, brown rice, leafy green vegetables, spinach, kale, Swiss chard, cruciferous vegetables, broccoli, cauliflower, Brussels sprouts, sweet potatoes, carrots, berries, blueberries, strawberries, raspberries, pineapple, oranges, citrus fruits, kiwi, nuts, almonds, walnuts, seeds, chia seeds, flaxseeds, pumpkin seeds, legumes, lentils, black beans, chickpeas, low-fat dairy, Greek yogurt, skim milk, fish, salmon, mackerel, sardines, poultry, skinless chicken, bone broth, turmeric, ginger, garlic, natural sweetness, mildly sweet, savory, spicy, cinnamon, green tea, dark chocolate (in moderation)","simple sugars, saturated fats, trans fats, refined carbohydrates, high sodium, sugar, white sugar, brown sugar, syrups, refined grains, white bread, white rice, processed foods, chips, frozen dinners, sugary beverages, sodas, fruit juices (with added sugar), fried foods, fried chicken, fries, high-fat meats, bacon, sausages, full-fat dairy, cream, butter, baked goods, pastries, cakes, candy, alcohol, overly sweet, artificial sweeteners, salty, oily, greasy, smoked meats, cured meats, fast food, energy drinks, low-fiber foods, ice cream, excess cheese"
sciatica,"fiber, complex carbohydrates, lean protein, healthy fats, vitamins B1, vitamins B6, vitamins B12, vitamins D, vitamins E, magnesium, calcium, potassium, zinc, omega-3 fatty acids, collagen, whole grains, oats, quinoa, brown rice, leafy green vegetables, spinach, kale, Swiss chard, cruciferous vegetables, broccoli, cauliflower, Brussels sprouts, sweet potatoes, bell peppers, carrots, berries, blueberries, strawberries, raspberries, pineapple, oranges, citrus fruits, kiwi, nuts, almonds, walnuts, seeds, chia seeds, flaxseeds, pumpkin seeds, legumes, lentils, black beans, chickpeas, low-fat dairy, Greek yogurt, skim milk, fish, salmon, mackerel, sardines, poultry, skinless chicken, turmeric, ginger, garlic, bone broth, natural sweetness, mildly sweet, savory, spicy, cinnamon, green tea","simple sugars, saturated fats, trans fats, refined carbohydrates, high sodium, sugar, white sugar, brown sugar, syrups, refined grains, white bread, white rice, processed foods, chips, frozen dinners, sugary beverages, sodas, fruit juices (with added sugar), fried foods, fried chicken, fries, high-fat meats, bacon, sausages, full-fat dairy, cream, butter, baked goods, pastries, cakes, candy, alcohol, overly sweet, artificial sweeteners, salty, oily, greasy, smoked meats, cured meats, fast food, energy drinks, low-fiber foods, ice cream, excess cheese"
herniated_disc,"fiber, complex carbohydrates, lean protein, healthy fats, vitamins B1, vitamins B6, vitamins B12, vitamins C, vitamins D, vitamins E, magnesium, calcium, potassium, zinc, omega-3 fatty acids, collagen, whole grains, oats, quinoa, brown rice, leafy green vegetables, spinach, kale, Swiss chard, cruciferous vegetables, broccoli, cauliflower, Brussels sprouts, sweet potatoes, bell peppers, carrots, berries, blueberries, strawberries, raspberries, pineapple, oranges, citrus fruits, kiwi, nuts, almonds, walnuts, seeds, chia seeds, flaxseeds, pumpkin seeds, legumes, lentils, black beans, chickpeas, low-fat dairy, Greek yogurt, skim milk, fish, salmon, mackerel, sardines, poultry, skinless chicken, turmeric, ginger, garlic, bone broth, natural sweetness, mildly sweet, savory, spicy, cinnamon, green tea","simple sugars, saturated fats, trans fats, refined carbohydrates, high sodium, sugar, white sugar, brown sugar, syrups, refined grains, white bread, white rice, processed foods, chips, frozen dinners, sugary beverages, sodas, fruit juices (with added sugar), fried foods, fried chicken, fries, high-fat meats, bacon, sausages, full-fat dairy, cream, butter, baked goods, pastries, cakes, candy, chocolates, alcohol, overly sweet, artificial sweeteners, salty, oily, greasy, smoked meats, cured meats, fast food, energy drinks, low-fiber foods, ice cream, excess cheese"
osteosarcoma,"fiber, complex carbohydrates, lean protein, healthy fats, vitamins A, vitamins C, vitamins D, vitamins E, vitamin K, folate, magnesium, zinc, calcium, iron, potassium, omega-3 fatty acids, whole grains, oats, quinoa, brown rice, barley, leafy green vegetables, spinach, kale, collard greens, Swiss chard, cruciferous vegetables, broccoli, cauliflower, Brussels sprouts, berries, blueberries, strawberries, blackberries, raspberries, citrus fruits, oranges, lemons, kiwi, pineapple, papaya, carrots, sweet potatoes, tomatoes, bell peppers, beets, nuts, almonds, walnuts, Brazil nuts, seeds, chia seeds, flaxseeds, pumpkin seeds, legumes, lentils, chickpeas, low-fat dairy, Greek yogurt, skim milk, fish, salmon, mackerel, sardines, poultry, skinless chicken, turkey, tofu, tempeh, natural sweetness, mildly sweet, savory, spicy, cinnamon, turmeric, green tea, ginger, garlic, bone broth","simple sugars, saturated fats, trans fats, refined carbohydrates, high sodium, sugar, white sugar, brown sugar, syrups, refined grains, white bread, white rice, processed foods, chips, frozen dinners, sugary beverages, sodas, fruit juices (with added sugar), fried foods, fried chicken, fries, high-fat meats, bacon, sausages, full-fat dairy, cream, butter, baked goods, pastries, cakes, candy, chocolates, alcohol, overly sweet, artificial sweeteners, salty, oily, greasy, smoked meats, cured meats, fast food, energy drinks, low-fiber foods, ice cream, excess cheese"
melanoma,"fiber, complex carbohydrates, lean protein, healthy fats, vitamins A, vitamins C, vitamins D, vitamins E, vitamin K, folate, magnesium, zinc, calcium, iron, potassium, omega-3 fatty acids, whole grains, oats, quinoa, brown rice, barley, leafy green vegetables, spinach, kale, collard greens, Swiss chard, cruciferous vegetables, broccoli, cauliflower, Brussels sprouts, berries, blueberries, strawberries, blackberries, raspberries, citrus fruits, oranges, lemons, kiwi, pineapple, papaya, carrots, sweet potatoes, tomatoes, bell peppers, beets, nuts, almonds, walnuts, Brazil nuts, seeds, chia seeds, flaxseeds, pumpkin seeds, legumes, lentils, chickpeas, low-fat dairy, Greek yogurt, skim milk, fish, salmon, mackerel, sardines, poultry, skinless chicken, turkey, tofu, tempeh, natural sweetness, mildly sweet, savory, spicy, cinnamon, turmeric, green tea, ginger, garlic, bone broth, seaweed, dark chocolate","simple sugars, saturated fats, trans fats, refined carbohydrates, high sodium, sugar, white sugar, brown sugar, syrups, refined grains, white bread, white rice, processed foods, chips, frozen dinners, sugary beverages, sodas, fruit juices (with added sugar), fried foods, fried chicken, fries, high-fat meats, bacon, sausages, full-fat dairy, cream, butter, baked goods, pastries, cakes, candy, chocolates, alcohol, overly sweet, artificial sweeteners, salty, oily, greasy, smoked meats, cured meats, fast food, energy drinks, low-fiber foods, ice cream, excess cheese, foods with artificial colors"
basal_cell_carcinoma,"fiber, complex carbohydrates, lean protein, healthy fats, vitamins A, vitamins C, vitamins D, vitamins E, vitamin K, folate, magnesium, zinc, calcium, iron, potassium, omega-3 fatty acids, whole grains, oats, quinoa, brown rice, barley, leafy green vegetables, spinach, kale, collard greens, Swiss chard, cruciferous vegetables, broccoli, cauliflower, Brussels sprouts, berries, blueberries, strawberries, blackberries, raspberries, citrus fruits, oranges, lemons, kiwi, pineapple, papaya, carrots, sweet potatoes, tomatoes, bell peppers, beets, nuts, almonds, walnuts, Brazil nuts, seeds, chia seeds, flaxseeds, pumpkin seeds, legumes, lentils, chickpeas, low-fat dairy, Greek yogurt, skim milk, fish, salmon, mackerel, sardines, poultry, skinless chicken, turkey, tofu, tempeh, natural sweetness, mildly sweet, savory, spicy, cinnamon, turmeric, green tea, ginger, garlic, bone broth, seaweed, dark chocolate","simple sugars, saturated fats, trans fats, refined carbohydrates, high sodium, sugar, white sugar, brown sugar, syrups, refined grains, white bread, white rice, processed foods, chips, frozen dinners, sugary beverages, sodas, fruit juices (with added sugar), fried foods, fried chicken, fries, high-fat meats, bacon, sausages, full-fat dairy, cream, butter, baked goods, pastries, cakes, candy, chocolates, alcohol, overly sweet, artificial sweeteners, salty, oily, greasy, smoked meats, cured meats, fast food, energy drinks, low-fiber foods, ice cream, excess cheese, foods with artificial colors"
squamous_cell_carcinoma,"fiber, complex carbohydrates, lean protein, healthy fats, vitamins A, vitamins C, vitamins D, vitamins E, vitamin K, folate, magnesium, zinc, calcium, iron, potassium, omega-3 fatty acids, whole grains, oats, quinoa, brown rice, barley, leafy green vegetables, spinach, kale, collard greens, Swiss chard, cruciferous vegetables, broccoli, cauliflower, Brussels sprouts, berries, blueberries, strawberries, blackberries, raspberries, citrus fruits, oranges, lemons, kiwi, pineapple, papaya, carrots, sweet potatoes, tomatoes, bell peppers, beets, nuts, almonds, walnuts, Brazil nuts, seeds, chia seeds, flaxseeds, pumpkin seeds, legumes, lentils, chickpeas, low-fat dairy, Greek yogurt, skim milk, fish, salmon, mackerel, sardines, poultry, skinless chicken, turkey, tofu, tempeh, natural sweetness, mildly sweet, savory, spicy, cinnamon, turmeric, green tea, ginger, garlic, bone broth, seaweed, dark chocolate","simple sugars, saturated fats, trans fats, refined carbohydrates, high sodium, sugar, white sugar, brown sugar, syrups, refined grains, white bread, white rice, processed foods, chips, frozen dinners, sugary beverages, sodas, fruit juices (with added sugar), fried foods, fried chicken, fries, high-fat meats, bacon, sausages, full-fat dairy, cream, butter, baked goods, pastries, cakes, candy, chocolates, alcohol, overly sweet, artificial sweeteners, salty, oily, greasy, smoked meats, cured meats, fast food, energy drinks, low-fiber foods, ice cream, excess cheese, foods with artificial colors"
leukemia,"fiber, complex carbohydrates, lean protein, healthy fats, vitamins C, vitamins D, vitamins E, vitamin A, vitamin K, folate, magnesium, zinc, iron, calcium, potassium, omega-3 fatty acids, whole grains, oats, quinoa, brown rice, barley, leafy green vegetables, spinach, kale, collard greens, Swiss chard, cruciferous vegetables, broccoli, cauliflower, Brussels sprouts, berries, blueberries, strawberries, blackberries, raspberries, citrus fruits, oranges, lemons, kiwi, pineapple, papaya, carrots, sweet potatoes, tomatoes, bell peppers, beets, nuts, almonds, walnuts, Brazil nuts, seeds, chia seeds, flaxseeds, pumpkin seeds, legumes, lentils, chickpeas, low-fat dairy, Greek yogurt, skim milk, fish, salmon, mackerel, sardines, poultry, skinless chicken, turkey, tofu, tempeh, natural sweetness, mildly sweet, savory, spicy, cinnamon, turmeric, green tea, ginger, garlic, bone broth, seaweed, dark chocolate","simple sugars, saturated fats, trans fats, refined carbohydrates, high sodium, sugar, white sugar, brown sugar, syrups, refined grains, white bread, white rice, processed foods, chips, frozen dinners, sugary beverages, sodas, fruit juices (with added sugar), fried foods, fried chicken, fries, high-fat meats, bacon, sausages, full-fat dairy, cream, butter, baked goods, pastries, cakes, candy, chocolates, alcohol, overly sweet, artificial sweeteners, salty, oily, greasy, smoked meats, cured meats, fast food, energy drinks, low-fiber foods, ice cream, excess cheese, foods with artificial colors"
